index,Name,Repository,Stars,LOC,Size_Classification
619,netbeans-mavenutils-nbm-maven-harness,https://github.com/apache/netbeans-mavenutils-nbm-maven-harness.git,1,129,0.0
825,jsecurity,https://github.com/apache/jsecurity.git,4,254,0.0
620,netbeans-mavenutils-archetype-netbeans-platform-app-archetype,https://github.com/apache/netbeans-mavenutils-archetype-netbeans-platform-app-archetype.git,2,255,0.0
479,sling-org-apache-sling-launchpad-test-fragment,https://github.com/apache/sling-org-apache-sling-launchpad-test-fragment.git,1,383,0.0
453,sling-org-apache-sling-models-caconfig,https://github.com/apache/sling-org-apache-sling-models-caconfig.git,1,439,0.0
562,sling-adapter-annotations,https://github.com/apache/sling-adapter-annotations.git,2,467,0.0
307,sling-org-apache-sling-commons-messaging,https://github.com/apache/sling-org-apache-sling-commons-messaging.git,2,521,0.0
422,sling-taglib-archetype,https://github.com/apache/sling-taglib-archetype.git,2,531,0.0
306,sling-org-apache-sling-commons-content-analyzing,https://github.com/apache/sling-org-apache-sling-commons-content-analyzing.git,1,536,0.0
305,sling-org-apache-sling-commons-content-processing,https://github.com/apache/sling-org-apache-sling-commons-content-processing.git,1,538,0.0
260,sling-org-apache-sling-jcr-resourcesecurity,https://github.com/apache/sling-org-apache-sling-jcr-resourcesecurity.git,1,565,0.0
503,sling-org-apache-sling-launchpad-api,https://github.com/apache/sling-org-apache-sling-launchpad-api.git,2,571,0.0
763,sling-org-apache-sling-bnd-plugins,https://github.com/apache/sling-org-apache-sling-bnd-plugins.git,1,574,0.0
458,sling-org-apache-sling-jcr-repository-it-resource-versioning,https://github.com/apache/sling-org-apache-sling-jcr-repository-it-resource-versioning.git,1,585,0.0
554,sling-org-apache-sling-bnd-plugin-headers-parameters-remove,https://github.com/apache/sling-org-apache-sling-bnd-plugin-headers-parameters-remove.git,1,585,0.0
498,sling-org-apache-sling-contentparser-testutils,https://github.com/apache/sling-org-apache-sling-contentparser-testutils.git,1,618,0.0
571,sling-org-apache-sling-feature-inventoryprinter,https://github.com/apache/sling-org-apache-sling-feature-inventoryprinter.git,1,625,0.0
505,sling-org-apache-sling-hc-it,https://github.com/apache/sling-org-apache-sling-hc-it.git,3,628,0.0
176,sling-org-apache-sling-validation-test-services,https://github.com/apache/sling-org-apache-sling-validation-test-services.git,1,641,0.0
550,sling-bundle-archetype,https://github.com/apache/sling-bundle-archetype.git,2,657,0.0
524,sling-jcrinstall-bundle-archetype,https://github.com/apache/sling-jcrinstall-bundle-archetype.git,1,663,0.0
542,sling-org-apache-sling-caconfig-bnd-plugin,https://github.com/apache/sling-org-apache-sling-caconfig-bnd-plugin.git,2,666,0.0
497,sling-org-apache-sling-commons-cache-container-test,https://github.com/apache/sling-org-apache-sling-commons-cache-container-test.git,1,677,0.0
358,sling-org-apache-sling-karaf-launchpad-oak-tar-integration-tests,https://github.com/apache/sling-org-apache-sling-karaf-launchpad-oak-tar-integration-tests.git,1,678,0.0
452,sling-org-apache-sling-auth-xing-api,https://github.com/apache/sling-org-apache-sling-auth-xing-api.git,1,689,0.0
386,sling-org-apache-sling-commons-johnzon,https://github.com/apache/sling-org-apache-sling-commons-johnzon.git,1,694,0.0
570,sling-org-apache-sling-feature-karaf,https://github.com/apache/sling-org-apache-sling-feature-karaf.git,2,696,0.0
565,sling-org-apache-sling-commons-logservice,https://github.com/apache/sling-org-apache-sling-commons-logservice.git,1,702,0.0
563,sling-org-apache-sling-installer-hc,https://github.com/apache/sling-org-apache-sling-installer-hc.git,2,720,0.0
405,sling-org-apache-sling-junit-healthcheck,https://github.com/apache/sling-org-apache-sling-junit-healthcheck.git,2,734,0.0
408,sling-org-apache-sling-urlrewriter,https://github.com/apache/sling-org-apache-sling-urlrewriter.git,2,741,0.0
467,sling-org-apache-sling-installer-factory-deploymentpackage,https://github.com/apache/sling-org-apache-sling-installer-factory-deploymentpackage.git,1,742,0.0
411,sling-org-apache-sling-tooling-support-install,https://github.com/apache/sling-org-apache-sling-tooling-support-install.git,1,752,0.0
511,sling-org-apache-sling-extensions-classloader-leak-detector,https://github.com/apache/sling-org-apache-sling-extensions-classloader-leak-detector.git,2,754,0.0
557,sling-org-apache-sling-jobs-it-services,https://github.com/apache/sling-org-apache-sling-jobs-it-services.git,1,758,0.0
764,sling-org-apache-sling-feature-applicationbuilder,https://github.com/apache/sling-org-apache-sling-feature-applicationbuilder.git,1,788,0.0
521,sling-org-apache-sling-commons-threaddump,https://github.com/apache/sling-org-apache-sling-commons-threaddump.git,2,791,0.0
572,sling-org-apache-sling-feature-extension-content,https://github.com/apache/sling-org-apache-sling-feature-extension-content.git,2,798,0.0
478,sling-org-apache-sling-jcr-packageinit,https://github.com/apache/sling-org-apache-sling-jcr-packageinit.git,1,818,0.0
624,netbeans-mavenutils-nbm-shared,https://github.com/apache/netbeans-mavenutils-nbm-shared.git,1,821,0.0
173,sling-org-apache-sling-validation-examples,https://github.com/apache/sling-org-apache-sling-validation-examples.git,1,824,0.0
547,sling-org-apache-sling-caconfig-api,https://github.com/apache/sling-org-apache-sling-caconfig-api.git,3,825,0.0
561,sling-org-apache-sling-mom,https://github.com/apache/sling-org-apache-sling-mom.git,2,843,0.0
446,sling-org-apache-sling-jcr-webconsole,https://github.com/apache/sling-org-apache-sling-jcr-webconsole.git,1,843,0.0
507,sling-org-apache-sling-contentparser-api,https://github.com/apache/sling-org-apache-sling-contentparser-api.git,1,861,0.0
560,sling-org-apache-sling-bnd-models,https://github.com/apache/sling-org-apache-sling-bnd-models.git,3,865,0.0
553,sling-org-apache-sling-nosql-couchbase-client,https://github.com/apache/sling-org-apache-sling-nosql-couchbase-client.git,1,867,0.0
564,sling-org-apache-sling-jobs-it,https://github.com/apache/sling-org-apache-sling-jobs-it.git,1,880,0.0
491,sling-org-apache-sling-hc-support,https://github.com/apache/sling-org-apache-sling-hc-support.git,1,895,0.0
421,sling-org-apache-sling-testing-email,https://github.com/apache/sling-org-apache-sling-testing-email.git,1,897,0.0
487,sling-org-apache-sling-launchpad-startupmanager,https://github.com/apache/sling-org-apache-sling-launchpad-startupmanager.git,1,904,0.0
515,sling-org-apache-sling-jcr-davex,https://github.com/apache/sling-org-apache-sling-jcr-davex.git,2,913,0.0
457,sling-org-apache-sling-installer-factory-packages,https://github.com/apache/sling-org-apache-sling-installer-factory-packages.git,1,914,0.0
485,sling-org-apache-sling-resource-presence,https://github.com/apache/sling-org-apache-sling-resource-presence.git,1,917,0.0
834,dubbo-serializtion-gson,https://github.com/apache/dubbo-serialization-gson.git,2,918,0.0
450,sling-org-apache-sling-scripting-jsp-taglib-compat,https://github.com/apache/sling-org-apache-sling-scripting-jsp-taglib-compat.git,1,924,0.0
500,sling-org-apache-sling-hc-junit-bridge,https://github.com/apache/sling-org-apache-sling-hc-junit-bridge.git,1,924,0.0
655,accumulo-instamo-archetype,https://github.com/apache/accumulo-instamo-archetype.git,3,940,0.0
495,sling-org-apache-sling-hc-samples,https://github.com/apache/sling-org-apache-sling-hc-samples.git,3,980,0.0
451,sling-org-apache-sling-installer-factory-subsystems-base,https://github.com/apache/sling-org-apache-sling-installer-factory-subsystems-base.git,1,990,0.0
844,commons-signing,https://github.com/apache/commons-signing.git,1,991,0.0
568,sling-org-apache-sling-feature-r2f,https://github.com/apache/sling-org-apache-sling-feature-r2f.git,1,1000,0.0
785,dubbo-rpc-jsonrpc,https://github.com/apache/dubbo-rpc-jsonrpc.git,186,1000,0.0
549,sling-org-apache-sling-nosql-couchbase-resourceprovider,https://github.com/apache/sling-org-apache-sling-nosql-couchbase-resourceprovider.git,1,1000,0.0
538,sling-org-apache-sling-nosql-mongodb-resourceprovider,https://github.com/apache/sling-org-apache-sling-nosql-mongodb-resourceprovider.git,2,1000,0.0
472,sling-org-apache-sling-discovery-api,https://github.com/apache/sling-org-apache-sling-discovery-api.git,1,1000,0.0
543,sling-org-apache-sling-distribution-kryo-serializer,https://github.com/apache/sling-org-apache-sling-distribution-kryo-serializer.git,1,1100,0.0
540,sling-org-apache-sling-distribution-sample,https://github.com/apache/sling-org-apache-sling-distribution-sample.git,5,1100,0.0
684,fineract-cn-async,https://github.com/apache/fineract-cn-async.git,2,1100,0.0
462,sling-org-apache-sling-commons-contentdetection,https://github.com/apache/sling-org-apache-sling-commons-contentdetection.git,1,1100,0.0
234,sling-org-apache-sling-discovery-standalone,https://github.com/apache/sling-org-apache-sling-discovery-standalone.git,1,1100,0.0
150,sling-org-apache-sling-models-validation-impl,https://github.com/apache/sling-org-apache-sling-models-validation-impl.git,1,1100,0.0
427,sling-org-apache-sling-scripting-spi,https://github.com/apache/sling-org-apache-sling-scripting-spi.git,1,1100,0.0
493,sling-org-apache-sling-contentparser-xml,https://github.com/apache/sling-org-apache-sling-contentparser-xml.git,1,1100,0.0
331,sling-org-apache-sling-javax-activation,https://github.com/apache/sling-org-apache-sling-javax-activation.git,2,1100,0.0
530,sling-org-apache-sling-oak-restrictions,https://github.com/apache/sling-org-apache-sling-oak-restrictions.git,1,1100,0.0
410,sling-org-apache-sling-tooling-support-source,https://github.com/apache/sling-org-apache-sling-tooling-support-source.git,1,1100,0.0
490,sling-org-apache-sling-launchpad-installer,https://github.com/apache/sling-org-apache-sling-launchpad-installer.git,3,1100,0.0
488,sling-org-apache-sling-resource-inventory,https://github.com/apache/sling-org-apache-sling-resource-inventory.git,1,1100,0.0
473,sling-org-apache-sling-jcr-presence,https://github.com/apache/sling-org-apache-sling-jcr-presence.git,1,1100,0.0
483,sling-org-apache-sling-adapter-annotations,https://github.com/apache/sling-org-apache-sling-adapter-annotations.git,2,1100,0.0
482,sling-org-apache-sling-installer-console,https://github.com/apache/sling-org-apache-sling-installer-console.git,1,1100,0.0
492,sling-org-apache-sling-extensions-webconsolesecurityprovider,https://github.com/apache/sling-org-apache-sling-extensions-webconsolesecurityprovider.git,1,1200,0.0
681,fineract-cn-default-setup,https://github.com/apache/fineract-cn-default-setup.git,2,1200,0.0
499,sling-org-apache-sling-jcr-jackrabbit-base,https://github.com/apache/sling-org-apache-sling-jcr-jackrabbit-base.git,1,1200,0.0
566,sling-org-apache-sling-featureflags,https://github.com/apache/sling-org-apache-sling-featureflags.git,2,1200,0.0
533,sling-org-apache-sling-caconfig-integration-tests,https://github.com/apache/sling-org-apache-sling-caconfig-integration-tests.git,1,1200,0.0
300,sling-org-apache-sling-contentparser-xml-jcr,https://github.com/apache/sling-org-apache-sling-contentparser-xml-jcr.git,1,1200,0.0
526,sling-org-apache-sling-paxexam-util,https://github.com/apache/sling-org-apache-sling-paxexam-util.git,1,1200,0.0
463,sling-org-apache-sling-installer-factory-model,https://github.com/apache/sling-org-apache-sling-installer-factory-model.git,1,1300,0.0
469,sling-org-apache-sling-jcr-registration,https://github.com/apache/sling-org-apache-sling-jcr-registration.git,1,1300,0.0
440,sling-org-apache-sling-auth-xing-oauth,https://github.com/apache/sling-org-apache-sling-auth-xing-oauth.git,1,1300,0.0
508,sling-org-apache-sling-jcr-filetransfer,https://github.com/apache/sling-org-apache-sling-jcr-filetransfer.git,1,1300,0.0
514,sling-launchpad-comparator,https://github.com/apache/sling-launchpad-comparator.git,1,1300,0.0
429,sling-servlet-archetype,https://github.com/apache/sling-servlet-archetype.git,1,1300,0.0
445,sling-org-apache-sling-auth-xing-login,https://github.com/apache/sling-org-apache-sling-auth-xing-login.git,1,1400,0.0
214,sling-org-apache-sling-installer-provider-file,https://github.com/apache/sling-org-apache-sling-installer-provider-file.git,2,1400,0.0
501,sling-org-apache-sling-extensions-slf4j-mdc,https://github.com/apache/sling-org-apache-sling-extensions-slf4j-mdc.git,1,1400,0.0
442,sling-org-apache-sling-distribution-api,https://github.com/apache/sling-org-apache-sling-distribution-api.git,1,1400,0.0
735,dubbo-sentinel-support,https://github.com/apache/dubbo-sentinel-support.git,52,1400,0.0
481,sling-org-apache-sling-scripting-groovy,https://github.com/apache/sling-org-apache-sling-scripting-groovy.git,1,1400,0.0
179,sling-org-apache-sling-validation-api,https://github.com/apache/sling-org-apache-sling-validation-api.git,1,1400,0.0
148,sling-org-apache-sling-testing-caconfig-mock-plugin,https://github.com/apache/sling-org-apache-sling-testing-caconfig-mock-plugin.git,1,1400,0.0
278,sling-org-apache-sling-commons-clam,https://github.com/apache/sling-org-apache-sling-commons-clam.git,2,1500,0.0
548,sling-org-apache-sling-distribution-journal-messages,https://github.com/apache/sling-org-apache-sling-distribution-journal-messages.git,2,1500,0.0
447,sling-org-apache-sling-discovery-support,https://github.com/apache/sling-org-apache-sling-discovery-support.git,1,1500,0.0
428,sling-org-apache-sling-tail,https://github.com/apache/sling-org-apache-sling-tail.git,2,1500,0.0
439,sling-org-apache-sling-distribution-avro-serializer,https://github.com/apache/sling-org-apache-sling-distribution-avro-serializer.git,1,1500,0.0
466,sling-org-apache-sling-resourcecollection,https://github.com/apache/sling-org-apache-sling-resourcecollection.git,2,1500,0.0
204,sling-feature-launcher-maven-plugin,https://github.com/apache/sling-feature-launcher-maven-plugin.git,1,1500,0.0
403,sling-org-apache-sling-junit-remote,https://github.com/apache/sling-org-apache-sling-junit-remote.git,1,1500,0.0
420,sling-org-apache-sling-serviceuser-webconsole,https://github.com/apache/sling-org-apache-sling-serviceuser-webconsole.git,1,1500,0.0
502,sling-org-apache-sling-contentparser-json,https://github.com/apache/sling-org-apache-sling-contentparser-json.git,1,1600,0.0
419,sling-org-apache-sling-testing-hamcrest,https://github.com/apache/sling-org-apache-sling-testing-hamcrest.git,2,1600,0.0
402,sling-org-apache-sling-junit-scriptable,https://github.com/apache/sling-org-apache-sling-junit-scriptable.git,1,1600,0.0
372,isis-app-helloworld,https://github.com/apache/isis-app-helloworld.git,2,1600,0.0
293,turbine-fulcrum-crypto,https://github.com/apache/turbine-fulcrum-crypto.git,1,1600,0.0
517,sling-org-apache-sling-event-dea,https://github.com/apache/sling-org-apache-sling-event-dea.git,1,1600,0.0
286,turbine-fulcrum-upload,https://github.com/apache/turbine-fulcrum-upload.git,1,1700,0.0
573,sling-org-apache-sling-feature-diff,https://github.com/apache/sling-org-apache-sling-feature-diff.git,1,1700,0.0
758,predictionio-template-java-ecom-recommender,https://github.com/apache/predictionio-template-java-ecom-recommender.git,37,1700,0.0
262,sling-org-apache-sling-resourceaccesssecurity,https://github.com/apache/sling-org-apache-sling-resourceaccesssecurity.git,2,1700,0.0
544,sling-org-apache-sling-commons-metrics-rrd4j,https://github.com/apache/sling-org-apache-sling-commons-metrics-rrd4j.git,1,1700,0.0
496,sling-org-apache-sling-reqanalyzer,https://github.com/apache/sling-org-apache-sling-reqanalyzer.git,3,1700,0.0
626,fineract-cn-data-jpa,https://github.com/apache/fineract-cn-data-jpa.git,2,1800,0.0
556,sling-org-apache-sling-mongodb,https://github.com/apache/sling-org-apache-sling-mongodb.git,3,1800,0.0
444,sling-org-apache-sling-settings,https://github.com/apache/sling-org-apache-sling-settings.git,4,1800,0.0
574,sling-org-apache-sling-feature-apiregions-model,https://github.com/apache/sling-org-apache-sling-feature-apiregions-model.git,1,1800,0.0
151,sling-org-apache-sling-models-jacksonexporter,https://github.com/apache/sling-org-apache-sling-models-jacksonexporter.git,1,1800,0.0
455,sling-org-apache-sling-commons-fsclassloader,https://github.com/apache/sling-org-apache-sling-commons-fsclassloader.git,1,1800,0.0
668,shardingsphere-elasticjob-example,https://github.com/apache/shardingsphere-elasticjob-example.git,193,1800,0.0
436,sling-org-apache-sling-jmx-provider,https://github.com/apache/sling-org-apache-sling-jmx-provider.git,2,1800,0.0
614,datasketches-memory16,https://github.com/apache/datasketches-memory16.git,2,1900,0.0
840,manifoldcf-integration-elasticsearch-5.5,https://github.com/apache/manifoldcf-integration-elasticsearch-5.5.git,1,1900,0.0
623,netbeans-mavenutils-nb-repository-plugin,https://github.com/apache/netbeans-mavenutils-nb-repository-plugin.git,1,1900,0.0
627,samza-beam-examples,https://github.com/apache/samza-beam-examples.git,6,1900,0.0
536,sling-org-apache-sling-jcr-api,https://github.com/apache/sling-org-apache-sling-jcr-api.git,2,1900,0.0
771,manifoldcf-integration-elasticsearch,https://github.com/apache/manifoldcf-integration-elasticsearch.git,1,1900,0.0
395,sling-org-apache-sling-installer-factory-feature,https://github.com/apache/sling-org-apache-sling-installer-factory-feature.git,1,1900,0.0
448,sling-org-apache-sling-scripting-api,https://github.com/apache/sling-org-apache-sling-scripting-api.git,1,1900,0.0
287,turbine-fulcrum-quartz,https://github.com/apache/turbine-fulcrum-quartz.git,1,1900,0.0
820,log4j-zeroconf,https://github.com/apache/log4j-zeroconf.git,5,2000,0.0
470,sling-org-apache-sling-resourcebuilder,https://github.com/apache/sling-org-apache-sling-resourcebuilder.git,2,2000,0.0
552,sling-org-apache-sling-distribution-journal-kafka,https://github.com/apache/sling-org-apache-sling-distribution-journal-kafka.git,1,2000,0.0
292,turbine-fulcrum-factory,https://github.com/apache/turbine-fulcrum-factory.git,1,2000,0.0
288,turbine-fulcrum-pool,https://github.com/apache/turbine-fulcrum-pool.git,1,2100,0.0
512,sling-org-apache-sling-hc-api,https://github.com/apache/sling-org-apache-sling-hc-api.git,1,2100,0.0
678,fineract-cn-service-starter,https://github.com/apache/fineract-cn-service-starter.git,2,2100,0.0
426,sling-org-apache-sling-tenant,https://github.com/apache/sling-org-apache-sling-tenant.git,2,2100,0.0
416,sling-org-apache-sling-servlets-annotations,https://github.com/apache/sling-org-apache-sling-servlets-annotations.git,2,2100,0.0
632,fineract-cn-crypto,https://github.com/apache/fineract-cn-crypto.git,3,2100,0.0
474,sling-org-apache-sling-resourceaccesssecurity-it,https://github.com/apache/sling-org-apache-sling-resourceaccesssecurity-it.git,1,2100,0.0
434,sling-org-apache-sling-commons-log-webconsole,https://github.com/apache/sling-org-apache-sling-commons-log-webconsole.git,2,2100,0.0
714,geronimo-genesis,https://github.com/apache/geronimo-genesis.git,2,2100,0.0
510,sling-org-apache-sling-connection-timeout-agent,https://github.com/apache/sling-org-apache-sling-connection-timeout-agent.git,1,2200,0.0
625,fineract-cn-command,https://github.com/apache/fineract-cn-command.git,3,2200,0.0
762,logging-log4j-audit-sample,https://github.com/apache/logging-log4j-audit-sample.git,6,2200,0.0
527,sling-org-apache-sling-caconfig-spi,https://github.com/apache/sling-org-apache-sling-caconfig-spi.git,1,2200,0.0
283,sling-org-apache-sling-hapi-client,https://github.com/apache/sling-org-apache-sling-hapi-client.git,2,2200,0.0
475,sling-org-apache-sling-commons-compiler,https://github.com/apache/sling-org-apache-sling-commons-compiler.git,1,2200,0.0
685,fineract-cn-cassandra,https://github.com/apache/fineract-cn-cassandra.git,2,2200,0.0
477,sling-org-apache-sling-datasource,https://github.com/apache/sling-org-apache-sling-datasource.git,3,2200,0.0
192,sling-org-apache-sling-superimposing,https://github.com/apache/sling-org-apache-sling-superimposing.git,2,2300,0.0
480,sling-org-apache-sling-commons-classloader,https://github.com/apache/sling-org-apache-sling-commons-classloader.git,3,2300,0.0
567,sling-org-apache-sling-feature-resolver,https://github.com/apache/sling-org-apache-sling-feature-resolver.git,1,2300,0.0
835,ant-easyant-buildtypes,https://github.com/apache/ant-easyant-buildtypes.git,2,2300,0.0
412,sling-org-apache-sling-testing-serversetup,https://github.com/apache/sling-org-apache-sling-testing-serversetup.git,3,2400,0.0
744,manifoldcf-integration-solr-3.x,https://github.com/apache/manifoldcf-integration-solr-3.x.git,1,2400,0.0
617,openwhisk-runtime-ballerina,https://github.com/apache/openwhisk-runtime-ballerina.git,7,2400,0.0
833,openwhisk-sample-matos,https://github.com/apache/openwhisk-sample-matos.git,2,2400,0.0
528,sling-org-apache-sling-junit-teleporter,https://github.com/apache/sling-org-apache-sling-junit-teleporter.git,1,2400,0.0
657,openwebbeans-peeco,https://github.com/apache/openwebbeans-peeco.git,1,2400,0.0
520,sling-org-apache-sling-event-api,https://github.com/apache/sling-org-apache-sling-event-api.git,1,2400,0.0
363,sling-org-apache-sling-installer-factory-configuration,https://github.com/apache/sling-org-apache-sling-installer-factory-configuration.git,2,2500,0.0
290,turbine-fulcrum-localization,https://github.com/apache/turbine-fulcrum-localization.git,1,2500,0.0
636,fineract-cn-api,https://github.com/apache/fineract-cn-api.git,4,2500,0.0
841,manifoldcf-integration-solr-6.x,https://github.com/apache/manifoldcf-integration-solr-6.x.git,1,2500,0.0
827,logging-log4j-boot,https://github.com/apache/logging-log4j-boots.git,4,2500,0.0
327,sling-htl-maven-plugin,https://github.com/apache/sling-htl-maven-plugin.git,2,2500,0.0
631,fineract-cn-template,https://github.com/apache/fineract-cn-template.git,7,2500,0.0
839,manifoldcf-integration-solr-7.x,https://github.com/apache/manifoldcf-integration-solr-7.x.git,2,2500,0.0
404,sling-org-apache-sling-junit-performance,https://github.com/apache/sling-org-apache-sling-junit-performance.git,1,2500,0.0
335,sling-org-apache-sling-jms,https://github.com/apache/sling-org-apache-sling-jms.git,3,2600,0.0
787,predictionio-sdk-java,https://github.com/apache/predictionio-sdk-java.git,108,2700,0.0
484,sling-org-apache-sling-jcr-oak-server,https://github.com/apache/sling-org-apache-sling-jcr-oak-server.git,2,2700,0.0
659,dolphinscheduler-maven-plugin,https://github.com/apache/dolphinscheduler-maven-plugin.git,7,2700,0.0
332,sling-org-apache-sling-security,https://github.com/apache/sling-org-apache-sling-security.git,5,2800,0.0
121,sling-org-apache-sling-starter,https://github.com/apache/sling-org-apache-sling-starter.git,15,2800,0.0
432,sling-org-apache-sling-distribution-it,https://github.com/apache/sling-org-apache-sling-distribution-it.git,1,2800,0.0
518,sling-kickstart-maven-plugin,https://github.com/apache/sling-kickstart-maven-plugin.git,1,2800,0.0
559,sling-org-apache-sling-file-optimization,https://github.com/apache/sling-org-apache-sling-file-optimization.git,1,2800,0.0
654,accumulo-maven-plugin,https://github.com/apache/accumulo-maven-plugin.git,5,2800,0.0
675,fineract-cn-permitted-feign-client,https://github.com/apache/fineract-cn-permitted-feign-client.git,2,2900,0.0
218,turbine-fulcrum-testcontainer,https://github.com/apache/turbine-fulcrum-testcontainer.git,1,2900,0.0
140,sling-org-apache-sling-testing-sling-mock-oak,https://github.com/apache/sling-org-apache-sling-testing-sling-mock-oak.git,3,2900,0.0
686,fineract-cn-test,https://github.com/apache/fineract-cn-test.git,3,2900,0.0
443,sling-org-apache-sling-commons-jcr-file,https://github.com/apache/sling-org-apache-sling-commons-jcr-file.git,1,3000,0.0
546,sling-org-apache-sling-nosql-generic,https://github.com/apache/sling-org-apache-sling-nosql-generic.git,2,3000,0.0
696,incubator-taverna-plugin-gis,https://github.com/apache/incubator-taverna-plugin-gis.git,3,3000,0.0
391,sling-org-apache-sling-scripting-sightly-runtime,https://github.com/apache/sling-org-apache-sling-scripting-sightly-runtime.git,1,3000,0.0
830,ant-easyant-tasks,https://github.com/apache/ant-easyant-tasks.git,3,3100,0.0
418,sling-org-apache-sling-serviceusermapper,https://github.com/apache/sling-org-apache-sling-serviceusermapper.git,2,3100,0.0
531,sling-org-apache-sling-hapi,https://github.com/apache/sling-org-apache-sling-hapi.git,2,3100,0.0
153,sling-org-apache-sling-models-api,https://github.com/apache/sling-org-apache-sling-models-api.git,2,3100,0.0
385,sling-org-apache-sling-scripting-sightly-testing,https://github.com/apache/sling-org-apache-sling-scripting-sightly-testing.git,1,3100,0.0
713,incubator-optiq-csv,https://github.com/apache/incubator-optiq-csv.git,2,3200,0.0
168,nifi-maven,https://github.com/apache/nifi-maven.git,17,3200,0.0
810,karaf-boot,https://github.com/apache/karaf-boot.git,8,3300,0.0
245,incubator-streampipes-examples,https://github.com/apache/incubator-streampipes-examples.git,2,3400,0.0
516,sling-org-apache-sling-cassandra,https://github.com/apache/sling-org-apache-sling-cassandra.git,2,3400,0.0
381,commons-testing,https://github.com/apache/commons-testing.git,5,3500,0.0
525,sling-org-apache-sling-jcr-classloader,https://github.com/apache/sling-org-apache-sling-jcr-classloader.git,2,3500,0.0
431,sling-project-archetype,https://github.com/apache/sling-project-archetype.git,4,3500,0.0
606,activemq-nms-openwire-generator,https://github.com/apache/activemq-nms-openwire-generator.git,2,3500,0.0
486,sling-org-apache-sling-scripting-freemarker,https://github.com/apache/sling-org-apache-sling-scripting-freemarker.git,3,3600,0.0
575,sling-org-apache-sling-feature-apiregions,https://github.com/apache/sling-org-apache-sling-feature-apiregions.git,2,3600,0.0
122,sling-org-apache-sling-feature-extension-apiregions,https://github.com/apache/sling-org-apache-sling-feature-extension-apiregions.git,1,3600,0.0
555,sling-org-apache-sling-distribution-journal-it,https://github.com/apache/sling-org-apache-sling-distribution-journal-it.git,1,3600,0.0
264,sling-org-apache-sling-adapter,https://github.com/apache/sling-org-apache-sling-adapter.git,2,3700,0.0
425,sling-org-apache-sling-scripting-thymeleaf,https://github.com/apache/sling-org-apache-sling-scripting-thymeleaf.git,2,3700,0.0
687,fineract-cn-lang,https://github.com/apache/fineract-cn-lang.git,3,3800,0.0
545,sling-org-apache-sling-installer-provider-jcr,https://github.com/apache/sling-org-apache-sling-installer-provider-jcr.git,3,3800,0.0
842,karaf-reactive-components,https://github.com/apache/karaf-reactive-components.git,1,3800,0.0
461,sling-org-apache-sling-resourcemerger,https://github.com/apache/sling-org-apache-sling-resourcemerger.git,2,3800,0.0
409,sling-org-apache-sling-tracer,https://github.com/apache/sling-org-apache-sling-tracer.git,2,3800,0.0
394,datasketches-server,https://github.com/apache/datasketches-server.git,1,3800,0.0
390,flink-playgrounds,https://github.com/apache/flink-playgrounds.git,238,3800,0.0
309,sling-org-apache-sling-commons-crypto,https://github.com/apache/sling-org-apache-sling-commons-crypto.git,1,3800,0.0
413,sling-org-apache-sling-testing-rules,https://github.com/apache/sling-org-apache-sling-testing-rules.git,3,3800,0.0
607,activemq-cli-tools,https://github.com/apache/activemq-cli-tools.git,7,3800,0.0
285,sling-org-apache-sling-clam,https://github.com/apache/sling-org-apache-sling-clam.git,2,3800,0.0
375,skywalking-kong,https://github.com/apache/skywalking-kong.git,14,3900,0.0
599,tomcat-jakartaee-migration,https://github.com/apache/tomcat-jakartaee-migration.git,48,3900,0.0
21,directory-fortress-realm,https://github.com/apache/directory-fortress-realm.git,4,4000,0.0
569,sling-org-apache-sling-feature-modelconverter,https://github.com/apache/sling-org-apache-sling-feature-modelconverter.git,1,4000,0.0
441,sling-org-apache-sling-jcr-webdav,https://github.com/apache/sling-org-apache-sling-jcr-webdav.git,2,4000,0.0
313,camel-kameleon,https://github.com/apache/camel-kameleon.git,24,4000,0.0
175,sling-org-apache-sling-feature-launcher,https://github.com/apache/sling-org-apache-sling-feature-launcher.git,5,4000,0.0
519,sling-org-apache-sling-jcr-contentparser,https://github.com/apache/sling-org-apache-sling-jcr-contentparser.git,1,4000,0.0
282,logging-log4j-tools,https://github.com/apache/logging-log4j-tools.git,8,4100,0.0
682,fineract-cn-demo-server,https://github.com/apache/fineract-cn-demo-server.git,20,4100,0.0
522,sling-org-apache-sling-performance,https://github.com/apache/sling-org-apache-sling-performance.git,2,4100,0.0
679,geronimo-safeguard,https://github.com/apache/geronimo-safeguard.git,5,4200,0.0
160,sling-org-apache-sling-commons-metrics,https://github.com/apache/sling-org-apache-sling-commons-metrics.git,2,4300,0.0
460,sling-org-apache-sling-auth-form,https://github.com/apache/sling-org-apache-sling-auth-form.git,5,4300,0.0
433,sling-org-apache-sling-jobs,https://github.com/apache/sling-org-apache-sling-jobs.git,4,4300,0.0
172,sling-org-apache-sling-testing-resourceresolver-mock,https://github.com/apache/sling-org-apache-sling-testing-resourceresolver-mock.git,1,4400,0.0
537,sling-org-apache-sling-commons-osgi,https://github.com/apache/sling-org-apache-sling-commons-osgi.git,1,4500,0.0
319,isis-app-demo,https://github.com/apache/isis-app-demo.git,1,4500,0.0
112,sling-org-apache-sling-commons-messaging-mail,https://github.com/apache/sling-org-apache-sling-commons-messaging-mail.git,2,4500,0.0
832,usergrid-qakka,https://github.com/apache/usergrid-qakka.git,2,4600,0.0
330,creadur-tentacles,https://github.com/apache/creadur-tentacles.git,2,4600,0.0
423,sling-org-apache-sling-scripting-xproc,https://github.com/apache/sling-org-apache-sling-scripting-xproc.git,2,4800,0.0
339,sling-org-apache-sling-commons-threads,https://github.com/apache/sling-org-apache-sling-commons-threads.git,6,4800,0.0
591,datasketches-vector,https://github.com/apache/datasketches-vector.git,11,4800,0.0
551,sling-org-apache-sling-bundleresource-impl,https://github.com/apache/sling-org-apache-sling-bundleresource-impl.git,1,4900,0.0
435,sling-org-apache-sling-scripting-sightly-js-provider,https://github.com/apache/sling-org-apache-sling-scripting-sightly-js-provider.git,1,4900,0.0
438,sling-org-apache-sling-scripting-sightly-compiler-java,https://github.com/apache/sling-org-apache-sling-scripting-sightly-compiler-java.git,1,4900,0.0
534,sling-org-apache-sling-dynamic-include,https://github.com/apache/sling-org-apache-sling-dynamic-include.git,16,5000,0.0
437,sling-org-apache-sling-scripting-console,https://github.com/apache/sling-org-apache-sling-scripting-console.git,1,5000,0.0
621,freemarker-online-tester,https://github.com/apache/freemarker-online-tester.git,54,5000,0.0
174,sling-jspc-maven-plugin,https://github.com/apache/sling-jspc-maven-plugin.git,2,5000,0.0
310,cordova-plugin-splashscreen,https://github.com/apache/cordova-plugin-splashscreen.git,618,5000,0.0
638,fineract-cn-payroll,https://github.com/apache/fineract-cn-payroll.git,7,5200,0.0
244,sling-org-apache-sling-i18n,https://github.com/apache/sling-org-apache-sling-i18n.git,5,5200,0.0
805,usergrid-android,https://github.com/apache/usergrid-android.git,10,5300,0.0
576,sling-feature-converter-maven-plugin,https://github.com/apache/sling-feature-converter-maven-plugin.git,1,5300,0.0
506,sling-org-apache-sling-kickstart,https://github.com/apache/sling-org-apache-sling-kickstart.git,3,5300,0.0
622,geronimo-config,https://github.com/apache/geronimo-config.git,15,5300,0.0
812,skywalking-oal-tool,https://github.com/apache/skywalking-oal-tool.git,8,5300,0.0
225,sling-scriptingbundle-maven-plugin,https://github.com/apache/sling-scriptingbundle-maven-plugin.git,2,5300,0.0
351,sling-maven-plugin,https://github.com/apache/sling-maven-plugin.git,4,5300,0.0
752,maven-repository-plugin,https://github.com/apache/maven-repository-plugin.git,1,5300,0.0
373,sling-org-apache-sling-auth-saml2,https://github.com/apache/sling-org-apache-sling-auth-saml2.git,3,5400,0.0
644,accumulo-classloaders,https://github.com/apache/accumulo-classloaders.git,2,5500,1.0
195,sling-org-apache-sling-testing-jcr-mock,https://github.com/apache/sling-org-apache-sling-testing-jcr-mock.git,1,5500,1.0
321,sling-org-apache-sling-repoinit-parser,https://github.com/apache/sling-org-apache-sling-repoinit-parser.git,4,5500,1.0
489,sling-org-apache-sling-jcr-js-nodetypes,https://github.com/apache/sling-org-apache-sling-jcr-js-nodetypes.git,1,5600,1.0
343,sling-org-apache-sling-discovery-oak,https://github.com/apache/sling-org-apache-sling-discovery-oak.git,1,5600,1.0
634,geode-kafka-connector,https://github.com/apache/geode-kafka-connector.git,4,5600,1.0
558,sling-org-apache-sling-installer-it,https://github.com/apache/sling-org-apache-sling-installer-it.git,2,5700,1.0
407,sling-maven-launchpad-plugin,https://github.com/apache/sling-maven-launchpad-plugin.git,2,5700,1.0
417,sling-org-apache-sling-servlet-helpers,https://github.com/apache/sling-org-apache-sling-servlet-helpers.git,1,5700,1.0
406,james-postage,https://github.com/apache/james-postage.git,2,5700,1.0
169,sling-org-apache-sling-validation-core,https://github.com/apache/sling-org-apache-sling-validation-core.git,1,5700,1.0
281,cassandra-in-jvm-dtest-api,https://github.com/apache/cassandra-in-jvm-dtest-api.git,3,5800,1.0
476,sling-org-apache-sling-scripting-java,https://github.com/apache/sling-org-apache-sling-scripting-java.git,1,5800,1.0
630,fineract-cn-rhythm,https://github.com/apache/fineract-cn-rhythm.git,2,5900,1.0
541,sling-org-apache-sling-commons-mime,https://github.com/apache/sling-org-apache-sling-commons-mime.git,1,6000,1.0
359,sling-org-apache-sling-karaf-integration-tests,https://github.com/apache/sling-org-apache-sling-karaf-integration-tests.git,1,6000,1.0
808,usergrid-java,https://github.com/apache/usergrid-java.git,9,6000,1.0
693,incubator-sdap-ningester,https://github.com/apache/incubator-sdap-ningester.git,4,6100,1.0
650,fineract-cn-interoperation,https://github.com/apache/fineract-cn-interoperation.git,2,6100,1.0
637,fineract-cn-reporting,https://github.com/apache/fineract-cn-reporting.git,5,6300,1.0
750,metamodel-membrane,https://github.com/apache/metamodel-membrane.git,16,6300,1.0
114,apisix-java-plugin-runner,https://github.com/apache/apisix-java-plugin-runner.git,43,6400,1.0
353,aries-typedevent,https://github.com/apache/aries-typedevent.git,2,6400,1.0
182,hbase-thirdparty,https://github.com/apache/hbase-thirdparty.git,11,6500,1.0
692,any23-server,https://github.com/apache/any23-server.git,3,6500,1.0
334,parquet-format,https://github.com/apache/parquet-format.git,952,6600,1.0
226,sling-org-apache-sling-scripting-bundle-tracker-it,https://github.com/apache/sling-org-apache-sling-scripting-bundle-tracker-it.git,1,6600,1.0
513,sling-org-apache-sling-provisioning-model,https://github.com/apache/sling-org-apache-sling-provisioning-model.git,1,6700,1.0
248,flink-training,https://github.com/apache/flink-training.git,365,6700,1.0
398,activemq-artemis-native,https://github.com/apache/activemq-artemis-native.git,8,6700,1.0
494,sling-org-apache-sling-launchpad-contrib-testing,https://github.com/apache/sling-org-apache-sling-launchpad-contrib-testing.git,1,6700,1.0
415,sling-org-apache-sling-testing-paxexam,https://github.com/apache/sling-org-apache-sling-testing-paxexam.git,1,6900,1.0
688,axis-axis2-java-transports,https://github.com/apache/axis-axis2-java-transports.git,1,6900,1.0
259,sling-org-apache-sling-scripting-sightly,https://github.com/apache/sling-org-apache-sling-scripting-sightly.git,10,7000,1.0
111,hbase-filesystem,https://github.com/apache/hbase-filesystem.git,7,7100,1.0
529,sling-org-apache-sling-commons-scheduler,https://github.com/apache/sling-org-apache-sling-commons-scheduler.git,3,7300,1.0
673,fineract-cn-group,https://github.com/apache/fineract-cn-group.git,3,7300,1.0
243,cassandra-sidecar,https://github.com/apache/cassandra-sidecar.git,24,7400,1.0
838,clerezza-rdf-core,https://github.com/apache/clerezza-rdf-core.git,2,7400,1.0
424,sling-slingstart-maven-plugin,https://github.com/apache/sling-slingstart-maven-plugin.git,2,7500,1.0
635,fineract-cn-office,https://github.com/apache/fineract-cn-office.git,4,7500,1.0
320,skywalking-agent-test-tool,https://github.com/apache/skywalking-agent-test-tool.git,17,7700,1.0
724,any23-plugins,https://github.com/apache/any23-plugins.git,1,8000,1.0
294,turbine-fulcrum-yaafi-crypto,https://github.com/apache/turbine-fulcrum-yaafi-crypto.git,1,8000,1.0
328,rocketmq-exporter,https://github.com/apache/rocketmq-exporter.git,167,8100,1.0
414,sling-org-apache-sling-servlets-get,https://github.com/apache/sling-org-apache-sling-servlets-get.git,5,8100,1.0
456,sling-org-apache-sling-scripting-jsp-taglib,https://github.com/apache/sling-org-apache-sling-scripting-jsp-taglib.git,1,8300,1.0
196,skywalking-banyandb-java-client,https://github.com/apache/skywalking-banyandb-java-client.git,10,8400,1.0
274,maven-install-plugin,https://github.com/apache/maven-install-plugin.git,13,8400,1.0
163,commons-release-plugin,https://github.com/apache/commons-release-plugin.git,9,8500,1.0
399,sling-org-apache-sling-junit-core,https://github.com/apache/sling-org-apache-sling-junit-core.git,2,8500,1.0
459,sling-org-apache-sling-discovery-impl,https://github.com/apache/sling-org-apache-sling-discovery-impl.git,1,8600,1.0
723,rocketmq-ons,https://github.com/apache/rocketmq-ons.git,20,8600,1.0
296,cassandra-diff,https://github.com/apache/cassandra-diff.git,10,8700,1.0
231,sling-org-apache-sling-launchpad-test-services,https://github.com/apache/sling-org-apache-sling-launchpad-test-services.git,2,8700,1.0
449,sling-org-apache-sling-commons-html,https://github.com/apache/sling-org-apache-sling-commons-html.git,1,8800,1.0
289,turbine-fulcrum-parser,https://github.com/apache/turbine-fulcrum-parser.git,1,9000,1.0
345,james-jdkim,https://github.com/apache/james-jdkim.git,18,9000,1.0
232,rocketmq-flink,https://github.com/apache/rocketmq-flink.git,29,9000,1.0
123,sling-org-apache-sling-feature-analyser,https://github.com/apache/sling-org-apache-sling-feature-analyser.git,1,9200,1.0
389,fineract-cn-provisioner,https://github.com/apache/fineract-cn-provisioner.git,8,9200,1.0
376,fineract-cn-anubis,https://github.com/apache/fineract-cn-anubis.git,3,9300,1.0
594,dubbo-benchmark,https://github.com/apache/dubbo-benchmark.git,37,9300,1.0
809,incubator-retired-wave-android,https://github.com/apache/incubator-retired-wave-android.git,9,9400,1.0
504,sling-org-apache-sling-jcr-jackrabbit-accessmanager,https://github.com/apache/sling-org-apache-sling-jcr-jackrabbit-accessmanager.git,2,9400,1.0
509,sling-org-apache-sling-query,https://github.com/apache/sling-org-apache-sling-query.git,10,9400,1.0
669,opennlp-addons,https://github.com/apache/opennlp-addons.git,10,9400,1.0
333,sling-org-apache-sling-thumbnails,https://github.com/apache/sling-org-apache-sling-thumbnails.git,1,9500,1.0
180,rocketmq-spring,https://github.com/apache/rocketmq-spring.git,1500,9600,1.0
465,sling-org-apache-sling-jcr-repoinit,https://github.com/apache/sling-org-apache-sling-jcr-repoinit.git,1,9600,1.0
224,flink-benchmarks,https://github.com/apache/flink-benchmarks.git,67,9600,1.0
271,isis-app-simpleapp,https://github.com/apache/isis-app-simpleapp.git,5,9700,1.0
464,sling-org-apache-sling-auth-core,https://github.com/apache/sling-org-apache-sling-auth-core.git,3,9700,1.0
697,incubator-taverna-osgi,https://github.com/apache/incubator-taverna-osgi.git,2,9800,1.0
186,commons-cli,https://github.com/apache/commons-cli.git,233,9900,1.0
822,activemq-activeio,https://github.com/apache/activemq-activeio.git,5,9900,1.0
701,incubator-taverna-commandline,https://github.com/apache/incubator-taverna-commandline.git,4,10000,1.0
523,sling-org-apache-sling-commons-testing,https://github.com/apache/sling-org-apache-sling-commons-testing.git,1,10200,1.0
795,incubator-retired-horn,https://github.com/apache/incubator-retired-horn.git,29,10200,1.0
138,turbine-fulcrum-json,https://github.com/apache/turbine-fulcrum-json.git,1,10200,1.0
773,streams-examples,https://github.com/apache/streams-examples.git,5,10300,1.0
454,sling-org-apache-sling-rewriter,https://github.com/apache/sling-org-apache-sling-rewriter.git,6,10600,1.0
360,netbeans-mavenutils-nbm-maven-plugin,https://github.com/apache/netbeans-mavenutils-nbm-maven-plugin.git,10,10600,1.0
829,ant-easyant-plugins,https://github.com/apache/ant-easyant-plugins.git,3,10700,1.0
667,fineract-cn-teller,https://github.com/apache/fineract-cn-teller.git,3,10900,1.0
99,geode-examples,https://github.com/apache/geode-examples.git,63,10900,1.0
367,sling-org-apache-sling-fsresource,https://github.com/apache/sling-org-apache-sling-fsresource.git,4,10900,1.0
325,sling-org-apache-sling-xss,https://github.com/apache/sling-org-apache-sling-xss.git,9,11000,1.0
585,nutch-webapp,https://github.com/apache/nutch-webapp.git,4,11400,1.0
349,sling-org-apache-sling-discovery-commons,https://github.com/apache/sling-org-apache-sling-discovery-commons.git,1,11500,1.0
357,commons-jci,https://github.com/apache/commons-jci.git,7,11600,1.0
272,commons-exec,https://github.com/apache/commons-exec.git,80,11600,1.0
586,samza-hello-samza,https://github.com/apache/samza-hello-samza.git,103,11800,1.0
117,sling-org-apache-sling-testing-clients,https://github.com/apache/sling-org-apache-sling-testing-clients.git,7,11800,1.0
807,cayenne-modeler,https://github.com/apache/cayenne-modeler.git,9,11900,1.0
532,sling-org-apache-sling-jcr-base,https://github.com/apache/sling-org-apache-sling-jcr-base.git,1,12200,1.0
396,sling-org-apache-sling-installer-core,https://github.com/apache/sling-org-apache-sling-installer-core.git,4,12500,1.0
374,sling-org-apache-sling-discovery-base,https://github.com/apache/sling-org-apache-sling-discovery-base.git,2,12600,1.0
799,activemq-protobuf,https://github.com/apache/activemq-protobuf.git,18,12600,1.0
217,sling-org-apache-sling-scripting-core,https://github.com/apache/sling-org-apache-sling-scripting-core.git,1,12800,1.0
661,shardingsphere-example,https://github.com/apache/shardingsphere-example.git,908,12800,1.0
471,sling-org-apache-sling-scripting-javascript,https://github.com/apache/sling-org-apache-sling-scripting-javascript.git,1,12800,1.0
826,kandula,https://github.com/apache/kandula.git,4,13200,1.0
690,axis-axis2-java-kandula,https://github.com/apache/axis-axis2-java-kandula.git,1,13200,1.0
258,xmlgraphics-fop-pdf-images,https://github.com/apache/xmlgraphics-fop-pdf-images.git,5,13400,1.0
104,accumulo-examples,https://github.com/apache/accumulo-examples.git,31,13500,1.0
653,fluo-recipes,https://github.com/apache/fluo-recipes.git,9,13500,1.0
208,camel-quarkus-examples,https://github.com/apache/camel-quarkus-examples.git,30,13500,1.0
355,commons-proxy,https://github.com/apache/commons-proxy.git,21,13800,1.0
677,fineract-cn-identity,https://github.com/apache/fineract-cn-identity.git,6,13900,1.0
137,sling-org-apache-sling-testing-osgi-mock,https://github.com/apache/sling-org-apache-sling-testing-osgi-mock.git,2,14100,1.0
97,sling-org-apache-sling-jcr-contentloader,https://github.com/apache/sling-org-apache-sling-jcr-contentloader.git,1,14200,1.0
302,sling-org-apache-sling-commons-log,https://github.com/apache/sling-org-apache-sling-commons-log.git,2,14300,1.0
652,fluo-examples,https://github.com/apache/fluo-examples.git,2,14300,1.0
384,shardingsphere-ui,https://github.com/apache/shardingsphere-ui.git,38,14600,1.0
387,sling-org-apache-sling-feature,https://github.com/apache/sling-org-apache-sling-feature.git,11,14700,1.0
784,incubator-retired-gossip,https://github.com/apache/incubator-retired-gossip.git,236,14700,1.0
216,sling-org-apache-sling-pipes,https://github.com/apache/sling-org-apache-sling-pipes.git,7,14700,1.0
392,sling-org-apache-sling-scripting-sightly-compiler,https://github.com/apache/sling-org-apache-sling-scripting-sightly-compiler.git,3,14800,1.0
379,dubbo-spring-boot-project,https://github.com/apache/dubbo-spring-boot-project.git,5200,14900,1.0
341,fineract-cn-deposit-account-management,https://github.com/apache/fineract-cn-deposit-account-management.git,6,14900,1.0
803,incubator-retired-edgent-samples,https://github.com/apache/incubator-retired-edgent-samples.git,15,15000,1.0
84,sling-org-apache-sling-testing-sling-mock,https://github.com/apache/sling-org-apache-sling-testing-sling-mock.git,4,15000,1.0
388,sling-org-apache-sling-distribution-journal,https://github.com/apache/sling-org-apache-sling-distribution-journal.git,6,15300,1.0
236,sling-org-apache-sling-jcr-jackrabbit-usermanager,https://github.com/apache/sling-org-apache-sling-jcr-jackrabbit-usermanager.git,2,15500,1.0
648,karaf-winegrower,https://github.com/apache/karaf-winegrower.git,13,15600,1.0
703,incubator-taverna-mobile,https://github.com/apache/incubator-taverna-mobile.git,14,15800,1.0
354,commons-weaver,https://github.com/apache/commons-weaver.git,17,16000,1.0
587,tomee-chatterbox,https://github.com/apache/tomee-chatterbox.git,3,16100,1.0
194,commons-fileupload,https://github.com/apache/commons-fileupload.git,160,16200,1.0
189,plc4x-build-tools,https://github.com/apache/plc4x-build-tools.git,8,16400,1.0
152,sling-org-apache-sling-models-impl,https://github.com/apache/sling-org-apache-sling-models-impl.git,15,16400,1.0
539,sling-org-apache-sling-caconfig-impl,https://github.com/apache/sling-org-apache-sling-caconfig-impl.git,1,16600,1.0
312,fineract-cn-accounting,https://github.com/apache/fineract-cn-accounting.git,17,16600,1.0
213,sling-org-apache-sling-servlets-resolver,https://github.com/apache/sling-org-apache-sling-servlets-resolver.git,5,16600,1.0
671,fineract-cn-notifications,https://github.com/apache/fineract-cn-notifications.git,4,17000,1.0
393,incubator-nlpcraft-java-client,https://github.com/apache/incubator-nlpcraft-java-client.git,6,17200,1.0
756,jclouds-examples,https://github.com/apache/jclouds-examples.git,15,17300,1.0
93,servicecomb-samples,https://github.com/apache/servicecomb-samples.git,486,17500,1.0
579,pdfbox-jbig2,https://github.com/apache/pdfbox-jbig2.git,9,17500,1.0
199,commons-dbutils,https://github.com/apache/commons-dbutils.git,289,18000,1.0
156,archiva-components,https://github.com/apache/archiva-components.git,1,18100,1.0
592,openwhisk-intellij-plugin,https://github.com/apache/openwhisk-intellij-plugin.git,6,18200,1.0
777,mrunit,https://github.com/apache/mrunit.git,37,18500,1.0
350,sling-slingfeature-maven-plugin,https://github.com/apache/sling-slingfeature-maven-plugin.git,2,18500,1.0
361,fineract-cn-customer,https://github.com/apache/fineract-cn-customer.git,9,18600,1.0
580,geronimo-txmanager,https://github.com/apache/geronimo-txmanager.git,5,18700,1.0
270,shiro,https://github.com/apache/shiro.git,3700,18800,1.0
261,sling-org-apache-sling-jcr-resource,https://github.com/apache/sling-org-apache-sling-jcr-resource.git,4,19100,1.0
197,commons-crypto,https://github.com/apache/commons-crypto.git,83,19200,1.0
229,commons-email,https://github.com/apache/commons-email.git,91,19300,1.0
61,hbase-operator-tools,https://github.com/apache/hbase-operator-tools.git,103,19400,1.0
207,sling-org-apache-sling-feature-cpconverter,https://github.com/apache/sling-org-apache-sling-feature-cpconverter.git,7,19400,1.0
228,commons-logging,https://github.com/apache/commons-logging.git,111,19700,1.0
383,sling-org-apache-sling-event,https://github.com/apache/sling-org-apache-sling-event.git,4,20000,1.0
741,servicemix-utils,https://github.com/apache/servicemix-utils.git,3,20000,1.0
378,aries-jpa,https://github.com/apache/aries-jpa.git,12,20100,1.0
837,nuvem,https://github.com/apache/nuvem.git,2,20300,1.0
263,sling-org-apache-sling-servlets-post,https://github.com/apache/sling-org-apache-sling-servlets-post.git,10,20300,1.0
238,cassandra-harry,https://github.com/apache/cassandra-harry.git,43,20600,1.0
595,datasketches-hive,https://github.com/apache/datasketches-hive.git,36,21400,1.0
338,james-jspf,https://github.com/apache/james-jspf.git,15,22200,1.0
67,geode-benchmarks,https://github.com/apache/geode-benchmarks.git,4,22400,1.0
699,incubator-taverna-workbench-common-activities,https://github.com/apache/incubator-taverna-workbench-common-activities.git,3,22500,1.0
377,commons-graph,https://github.com/apache/commons-graph.git,14,22900,1.0
299,airavata-mft,https://github.com/apache/airavata-mft.git,4,23000,1.0
149,sling-org-apache-sling-models-integration-tests,https://github.com/apache/sling-org-apache-sling-models-integration-tests.git,1,23200,1.0
371,sling-org-apache-sling-launchpad-integration-tests,https://github.com/apache/sling-org-apache-sling-launchpad-integration-tests.git,5,23200,1.0
782,incubator-retired-s4,https://github.com/apache/incubator-retired-s4.git,40,23500,1.0
317,turbine-fulcrum-yaafi,https://github.com/apache/turbine-fulcrum-yaafi.git,1,23600,1.0
250,commons-bsf,https://github.com/apache/commons-bsf.git,14,24400,1.0
212,jackrabbit-filevault-package-maven-plugin,https://github.com/apache/jackrabbit-filevault-package-maven-plugin.git,7,25100,1.0
609,servicecomb-saga-actuator,https://github.com/apache/servicecomb-saga-actuator.git,490,25200,1.0
400,james-jsieve,https://github.com/apache/james-jsieve.git,7,25400,1.0
710,incubator-sdap-mudrod,https://github.com/apache/incubator-sdap-mudrod.git,11,25600,1.0
16,directory-fortress-enmasse,https://github.com/apache/directory-fortress-enmasse.git,5,25900,1.0
291,turbine-fulcrum-intake,https://github.com/apache/turbine-fulcrum-intake.git,1,26500,1.0
596,felix-atomos,https://github.com/apache/felix-atomos.git,28,26500,1.0
831,river-container,https://github.com/apache/river-container.git,3,26600,1.0
819,incubator-retired-provisionr,https://github.com/apache/incubator-retired-provisionr.git,5,26900,1.0
346,aries-rsa,https://github.com/apache/aries-rsa.git,10,26900,1.0
198,commons-chain,https://github.com/apache/commons-chain.git,48,26900,1.0
184,dubbo-hessian-lite,https://github.com/apache/dubbo-hessian-lite.git,36,27200,1.0
616,karaf-cave,https://github.com/apache/karaf-cave.git,17,27300,1.0
618,datasketches-pig,https://github.com/apache/datasketches-pig.git,9,27600,1.0
265,sling-org-apache-sling-engine,https://github.com/apache/sling-org-apache-sling-engine.git,8,28700,1.0
716,mina-asyncweb,https://github.com/apache/mina-asyncweb.git,2,28700,1.0
230,datasketches-memory,https://github.com/apache/datasketches-memory.git,99,28700,1.0
276,commons-rdf,https://github.com/apache/commons-rdf.git,30,28800,1.0
722,incubator-retired-tamaya-sandbox,https://github.com/apache/incubator-retired-tamaya-sandbox.git,2,28900,1.0
145,sling-org-apache-sling-resourceresolver,https://github.com/apache/sling-org-apache-sling-resourceresolver.git,6,29600,1.0
139,bahir-flink,https://github.com/apache/bahir-flink.git,564,29700,1.0
166,nutch,https://github.com/apache/nutch.git,2300,30000,1.0
666,oltu,https://github.com/apache/oltu.git,159,30100,1.0
63,flink-ml,https://github.com/apache/flink-ml.git,58,30900,1.0
646,ambari-infra,https://github.com/apache/ambari-infra.git,8,31000,1.0
348,sling-org-apache-sling-distribution-core,https://github.com/apache/sling-org-apache-sling-distribution-core.git,5,31300,1.0
38,aries-jax-rs-whiteboard,https://github.com/apache/aries-jax-rs-whiteboard.git,26,31300,1.0
660,shardingsphere-acceptance-test,https://github.com/apache/shardingsphere-acceptance-test.git,4,31700,1.0
256,shardingsphere-elasticjob-ui,https://github.com/apache/shardingsphere-elasticjob-ui.git,89,31700,1.0
113,commons-pool,https://github.com/apache/commons-pool.git,386,32000,1.0
767,ant-easyant-core,https://github.com/apache/ant-easyant-core.git,3,32400,1.0
133,accumulo-testing,https://github.com/apache/accumulo-testing.git,14,33000,1.0
589,incubator-crail,https://github.com/apache/incubator-crail.git,134,33100,1.0
708,servicemix,https://github.com/apache/servicemix.git,137,33300,1.0
15,directory-fortress-commander,https://github.com/apache/directory-fortress-commander.git,9,33300,1.0
712,incubator-optiq-linq4j,https://github.com/apache/incubator-optiq-linq4j.git,3,33300,1.0
729,incubator-retired-tamaya,https://github.com/apache/incubator-retired-tamaya.git,44,33600,1.0
266,sling-org-apache-sling-api,https://github.com/apache/sling-org-apache-sling-api.git,10,34500,1.0
813,servicemix4-specs,https://github.com/apache/servicemix4-specs.git,8,34600,1.0
737,servicemix4-kernel,https://github.com/apache/servicemix4-kernel.git,4,34800,1.0
651,juneau-petstore,https://github.com/apache/juneau-petstore.git,9,34800,1.0
31,maven-enforcer,https://github.com/apache/maven-enforcer.git,77,35000,1.0
672,fineract-cn-portfolio,https://github.com/apache/fineract-cn-portfolio.git,6,35500,1.0
322,iotdb-web-workbench,https://github.com/apache/iotdb-web-workbench.git,11,36000,1.0
167,commons-csv,https://github.com/apache/commons-csv.git,259,36200,1.0
804,log4j-extras,https://github.com/apache/log4j-extras.git,15,36900,1.0
295,freemarker-generator,https://github.com/apache/freemarker-generator.git,26,37100,1.0
800,incubator-retired-mrql,https://github.com/apache/incubator-retired-mrql.git,17,38400,1.0
604,bval,https://github.com/apache/bval.git,30,38600,1.0
303,infrastructure-jenkins,https://github.com/apache/infrastructure-jenkins.git,3,38700,1.0
680,incubator-taverna-common-activities,https://github.com/apache/incubator-taverna-common-activities.git,11,38700,1.0
717,incubator-twill,https://github.com/apache/incubator-twill.git,2,39500,1.0
170,commons-ognl,https://github.com/apache/commons-ognl.git,62,40300,1.0
816,karaf-webconsole,https://github.com/apache/karaf-webconsole.git,6,40400,1.0
748,jackrabbit-ocm,https://github.com/apache/jackrabbit-ocm.git,2,41300,1.0
365,creadur-whisker,https://github.com/apache/creadur-whisker.git,2,41900,1.0
298,fineract-cn-mobile,https://github.com/apache/fineract-cn-mobile.git,31,42100,1.0
601,tomcat-taglibs-rdc,https://github.com/apache/tomcat-taglibs-rdc.git,1,42100,1.0
277,commons-validator,https://github.com/apache/commons-validator.git,138,42300,1.0
370,clerezza,https://github.com/apache/clerezza.git,36,42900,1.0
275,commons-scxml,https://github.com/apache/commons-scxml.git,25,43400,1.0
694,twill,https://github.com/apache/twill.git,66,43500,1.0
311,dubbo-spi-extensions,https://github.com/apache/dubbo-spi-extensions.git,70,43700,1.0
125,pulsar-manager,https://github.com/apache/pulsar-manager.git,353,43700,1.0
603,servicemix-specs,https://github.com/apache/servicemix-specs.git,1,43800,1.0
720,ant-ivyde,https://github.com/apache/ant-ivyde.git,9,44000,1.0
746,servicemix4-features,https://github.com/apache/servicemix4-features.git,14,44200,1.0
581,tomcat-maven-plugin,https://github.com/apache/tomcat-maven-plugin.git,144,44200,1.0
314,openwebbeans-meecrowave,https://github.com/apache/openwebbeans-meecrowave.git,54,44800,1.0
22,mnemonic,https://github.com/apache/mnemonic.git,101,44900,1.0
740,directmemory,https://github.com/apache/directmemory.git,52,44900,1.0
610,accumulo-wikisearch,https://github.com/apache/accumulo-wikisearch.git,10,45100,1.0
768,ftpserver,https://github.com/apache/ftpserver.git,70,45800,1.0
215,camel-k-runtime,https://github.com/apache/camel-k-runtime.git,40,46000,1.0
29,mina-ftpserver,https://github.com/apache/mina-ftpserver.git,24,46100,1.0
588,logging-chainsaw,https://github.com/apache/logging-chainsaw.git,6,46100,1.0
743,servicemix4-nmr,https://github.com/apache/servicemix4-nmr.git,4,46200,1.0
352,commons-functor,https://github.com/apache/commons-functor.git,15,46200,1.0
336,karaf-decanter,https://github.com/apache/karaf-decanter.git,31,46300,1.0
210,mina,https://github.com/apache/mina.git,805,46500,1.0
326,phoenix-omid,https://github.com/apache/phoenix-omid.git,68,46600,1.0
340,commons-jxpath,https://github.com/apache/commons-jxpath.git,16,46900,1.0
254,uima-uimafit,https://github.com/apache/uima-uimafit.git,27,47200,1.0
806,chainsaw,https://github.com/apache/chainsaw.git,10,48800,1.0
64,commons-statistics,https://github.com/apache/commons-statistics.git,25,49100,1.0
788,whirr,https://github.com/apache/whirr.git,96,50800,1.0
252,aries-cdi,https://github.com/apache/aries-cdi.git,7,51600,1.0
611,fluo,https://github.com/apache/fluo.git,169,52400,1.0
689,axis-axis2-java-sandesha,https://github.com/apache/axis-axis2-java-sandesha.git,1,54000,1.0
843,sandesha,https://github.com/apache/sandesha.git,1,54000,1.0
364,creadur-rat,https://github.com/apache/creadur-rat.git,11,54400,1.0
76,camel-karaf,https://github.com/apache/camel-karaf.git,13,54700,1.0
126,commons-text,https://github.com/apache/commons-text.git,226,54800,1.0
72,incubator-eventmesh,https://github.com/apache/incubator-eventmesh.git,748,55800,1.0
191,commons-codec,https://github.com/apache/commons-codec.git,331,55800,1.0
187,commons-dbcp,https://github.com/apache/commons-dbcp.git,270,56000,1.0
183,camel-performance-tests,https://github.com/apache/camel-performance-tests.git,4,56400,1.0
535,sling-ide-tooling,https://github.com/apache/sling-ide-tooling.git,4,56400,1.0
600,tomcat-taglibs-standard,https://github.com/apache/tomcat-taglibs-standard.git,2,56800,1.0
815,uima-sandbox,https://github.com/apache/uima-sandbox.git,6,57000,1.0
185,commons-jexl,https://github.com/apache/commons-jexl.git,105,57600,1.0
665,incubator-retired-tamaya-extensions,https://github.com/apache/incubator-retired-tamaya-extensions.git,2,57800,1.0
171,dubbo-admin,https://github.com/apache/dubbo-admin.git,3400,57800,1.0
765,juddi-scout,https://github.com/apache/juddi-scout.git,2,58000,1.0
753,cordova-amazon-fireos,https://github.com/apache/cordova-amazon-fireos.git,20,58800,1.0
397,datasketches-characterization,https://github.com/apache/datasketches-characterization.git,9,59000,1.0
706,incubator-samoa,https://github.com/apache/incubator-samoa.git,238,60900,1.0
698,incubator-taverna-server,https://github.com/apache/incubator-taverna-server.git,4,62000,1.0
676,geronimo-gshell,https://github.com/apache/geronimo-gshell.git,2,64099,1.0
727,incubator-batchee,https://github.com/apache/incubator-batchee.git,13,65300,1.0
221,commons-net,https://github.com/apache/commons-net.git,163,65500,1.0
814,karaf-eik,https://github.com/apache/karaf-eik.git,6,66200,2.0
284,geronimo-batchee,https://github.com/apache/geronimo-batchee.git,2,66300,2.0
760,rampart,https://github.com/apache/rampart.git,2,66600,2.0
337,axis-axis2-java-rampart,https://github.com/apache/axis-axis2-java-rampart.git,1,66700,2.0
233,datafu,https://github.com/apache/datafu.git,85,68400,2.0
380,servicecomb-toolkit,https://github.com/apache/servicecomb-toolkit.git,454,68600,2.0
733,incubator-myriad,https://github.com/apache/incubator-myriad.git,154,68700,2.0
181,velocity-tools,https://github.com/apache/velocity-tools.git,35,72200,2.0
222,commons-configuration,https://github.com/apache/commons-configuration.git,138,72300,2.0
369,directory-mavibot,https://github.com/apache/directory-mavibot.git,12,72800,2.0
774,myfaces-trinidad-maven,https://github.com/apache/myfaces-trinidad-maven.git,2,73100,2.0
615,karaf-cellar,https://github.com/apache/karaf-cellar.git,41,73200,2.0
82,ignite-teamcity-bot,https://github.com/apache/ignite-teamcity-bot.git,8,73800,2.0
223,commons-beanutils,https://github.com/apache/commons-beanutils.git,205,73800,2.0
37,calcite-avatica,https://github.com/apache/calcite-avatica.git,149,75000,2.0
772,incubator-retired-htrace,https://github.com/apache/incubator-retired-htrace.git,102,75800,2.0
664,shardingsphere-elasticjob-cloud,https://github.com/apache/shardingsphere-elasticjob-cloud.git,247,76000,2.0
633,nifi-minifi,https://github.com/apache/nifi-minifi.git,111,76100,2.0
81,camel-kamelets,https://github.com/apache/camel-kamelets.git,19,76600,2.0
329,netbeans-jackpot30,https://github.com/apache/netbeans-jackpot30.git,4,77000,2.0
577,servicecomb-pack,https://github.com/apache/servicecomb-pack.git,1900,77200,2.0
247,incubator-streampipes-extensions,https://github.com/apache/incubator-streampipes-extensions.git,23,79300,2.0
209,ignite-extensions,https://github.com/apache/ignite-extensions.git,21,79600,2.0
154,xmlgraphics-commons,https://github.com/apache/xmlgraphics-commons.git,14,79700,2.0
817,kalumet,https://github.com/apache/kalumet.git,6,80600,2.0
131,commons-numbers,https://github.com/apache/commons-numbers.git,45,81800,2.0
711,hama,https://github.com/apache/hama.git,130,84500,2.0
202,flink-statefun,https://github.com/apache/flink-statefun.git,319,85400,2.0
344,velocity-engine,https://github.com/apache/velocity-engine.git,245,87900,2.0
273,commons-digester,https://github.com/apache/commons-digester.git,42,89300,2.0
790,hcatalog,https://github.com/apache/hcatalog.git,60,90000,2.0
34,commons-vfs,https://github.com/apache/commons-vfs.git,154,90000,2.0
356,commons-jelly,https://github.com/apache/commons-jelly.git,11,90700,2.0
318,shardingsphere-elasticjob,https://github.com/apache/shardingsphere-elasticjob.git,7400,91500,2.0
645,ambari-metrics,https://github.com/apache/ambari-metrics.git,23,92500,2.0
797,incubator-tajo,https://github.com/apache/incubator-tajo.git,23,92500,2.0
110,commons-io,https://github.com/apache/commons-io.git,822,92600,2.0
640,mina-vysper,https://github.com/apache/mina-vysper.git,11,93600,2.0
732,incubator-retired-edgent,https://github.com/apache/incubator-retired-edgent.git,204,93900,2.0
702,incubator-taverna-engine,https://github.com/apache/incubator-taverna-engine.git,16,94000,2.0
468,sling-org-apache-sling-scripting-jsp,https://github.com/apache/sling-org-apache-sling-scripting-jsp.git,1,94300,2.0
798,ddlutils,https://github.com/apache/ddlutils.git,20,95700,2.0
663,logging-log4j-audit,https://github.com/apache/logging-log4j-audit.git,20,95700,2.0
304,geronimo-xbean,https://github.com/apache/geronimo-xbean.git,8,99700,2.0
92,ratis,https://github.com/apache/ratis.git,610,101000,2.0
794,sanselan,https://github.com/apache/sanselan.git,34,101100,2.0
279,incubator-nemo,https://github.com/apache/incubator-nemo.git,90,101500,2.0
88,sling-whiteboard,https://github.com/apache/sling-whiteboard.git,34,102500,2.0
241,curator,https://github.com/apache/curator.git,2700,103100,2.0
134,cxf-fediz,https://github.com/apache/cxf-fediz.git,18,103800,2.0
824,harmony-jdktools,https://github.com/apache/harmony-jdktools.git,4,104000,2.0
602,phoenix-tephra,https://github.com/apache/phoenix-tephra.git,28,105600,2.0
161,servicemix-bundles,https://github.com/apache/servicemix-bundles.git,41,108700,2.0
316,qpid-proton-j,https://github.com/apache/qpid-proton-j.git,28,108700,2.0
65,incubator-streampipes,https://github.com/apache/incubator-streampipes.git,279,109100,2.0
718,tuscany-sdo,https://github.com/apache/tuscany-sdo.git,6,112100,2.0
164,datasketches-java,https://github.com/apache/datasketches-java.git,745,113300,2.0
280,empire-db,https://github.com/apache/empire-db.git,28,113300,2.0
211,james-mime4j,https://github.com/apache/james-mime4j.git,38,114600,2.0
267,camel-k-examples,https://github.com/apache/camel-k-examples.git,38,114600,2.0
115,jackrabbit-filevault,https://github.com/apache/jackrabbit-filevault.git,37,114900,2.0
127,commons-imaging,https://github.com/apache/commons-imaging.git,286,117100,2.0
628,flex-blazeds,https://github.com/apache/flex-blazeds.git,44,117100,2.0
66,roller,https://github.com/apache/roller.git,104,118600,2.0
647,abdera,https://github.com/apache/abdera.git,16,122900,2.0
792,incubator-retired-pirk,https://github.com/apache/incubator-retired-pirk.git,58,123200,2.0
700,incubator-taverna-workbench,https://github.com/apache/incubator-taverna-workbench.git,5,123500,2.0
52,httpcomponents-client,https://github.com/apache/httpcomponents-client.git,1100,124300,2.0
315,log4j,https://github.com/apache/log4j.git,805,127700,2.0
629,crunch,https://github.com/apache/crunch.git,101,127800,2.0
268,gora,https://github.com/apache/gora.git,102,129900,2.0
324,uima-async-scaleout,https://github.com/apache/uima-async-scaleout.git,1,130199,2.0
605,activemq-openwire,https://github.com/apache/activemq-openwire.git,5,130199,2.0
691,uima-as_old,https://github.com/apache/uima-as_old.git,10,130300,2.0
105,dubbo-samples,https://github.com/apache/dubbo-samples.git,1600,132300,2.0
704,aries-journaled-events,https://github.com/apache/aries-journaled-events.git,2,132400,2.0
94,turbine-core,https://github.com/apache/turbine-core.git,3,134500,2.0
220,johnzon,https://github.com/apache/johnzon.git,38,135400,2.0
778,lenya,https://github.com/apache/lenya.git,17,135700,2.0
77,httpcomponents-core,https://github.com/apache/httpcomponents-core.git,269,137000,2.0
590,metamodel,https://github.com/apache/metamodel.git,147,137700,2.0
159,commons-collections,https://github.com/apache/commons-collections.git,527,137800,2.0
593,apex-core,https://github.com/apache/apex-core.git,347,140900,2.0
227,commons-geometry,https://github.com/apache/commons-geometry.git,25,143000,2.0
155,commons-compress,https://github.com/apache/commons-compress.git,207,143500,2.0
738,servicemix3,https://github.com/apache/servicemix3.git,3,143700,2.0
613,qpid-jms-amqp-0-x,https://github.com/apache/qpid-jms-amqp-0-x.git,2,146600,2.0
27,directory-fortress-core,https://github.com/apache/directory-fortress-core.git,36,149500,2.0
828,incubator-milagro-java,https://github.com/apache/incubator-milagro-java.git,3,152100,2.0
201,incubator-hivemall,https://github.com/apache/incubator-hivemall.git,296,152600,2.0
608,sqoop,https://github.com/apache/sqoop.git,869,153100,2.0
754,wookie,https://github.com/apache/wookie.git,5,158600,2.0
251,commons-bcel,https://github.com/apache/commons-bcel.git,165,161400,2.0
583,nifi-registry,https://github.com/apache/nifi-registry.git,104,161900,2.0
695,incubator-taverna-language,https://github.com/apache/incubator-taverna-language.git,22,162100,2.0
401,directory-scimple,https://github.com/apache/directory-scimple.git,22,162100,2.0
75,submarine,https://github.com/apache/submarine.git,527,163500,2.0
116,commons-jcs,https://github.com/apache/commons-jcs.git,80,163500,2.0
759,activemq-apollo,https://github.com/apache/activemq-apollo.git,145,165700,2.0
118,parquet-mr,https://github.com/apache/parquet-mr.git,1400,168700,2.0
649,streams,https://github.com/apache/streams.git,70,169200,2.0
129,openwebbeans,https://github.com/apache/openwebbeans.git,51,170800,2.0
257,qpid-jms,https://github.com/apache/qpid-jms.git,59,171300,2.0
780,rave,https://github.com/apache/rave.git,15,172600,2.0
766,vxquery,https://github.com/apache/vxquery.git,19,177100,2.0
36,flume,https://github.com/apache/flume.git,2200,178100,2.0
200,openmeetings,https://github.com/apache/openmeetings.git,518,179200,2.0
128,deltaspike,https://github.com/apache/deltaspike.git,135,180900,2.0
755,chukwa,https://github.com/apache/chukwa.git,80,181100,2.0
53,rocketmq,https://github.com/apache/rocketmq.git,16100,184200,2.0
147,incubator-wayang,https://github.com/apache/incubator-wayang.git,32,185000,2.0
656,joshua,https://github.com/apache/joshua.git,95,185400,2.0
98,commons-lang,https://github.com/apache/commons-lang.git,2200,187900,2.0
597,incubator-weex-playground,https://github.com/apache/incubator-weex-playground.git,42,190400,2.0
783,click,https://github.com/apache/click.git,8,195700,2.0
11,incubator-shenyu,https://github.com/apache/incubator-shenyu.git,5600,196600,2.0
177,ws-wss4j,https://github.com/apache/ws-wss4j.git,10,196700,2.0
779,hadoop-hdfs,https://github.com/apache/hadoop-hdfs.git,162,201300,2.0
745,incubator-sentry,https://github.com/apache/incubator-sentry.git,36,203000,2.0
791,incubator-tez,https://github.com/apache/incubator-tez.git,59,204300,2.0
178,santuario-xml-security-java,https://github.com/apache/santuario-xml-security-java.git,16,208500,2.0
141,guacamole-client,https://github.com/apache/guacamole-client.git,911,210300,2.0
80,maven,https://github.com/apache/maven.git,2900,210600,2.0
747,continuum,https://github.com/apache/continuum.git,7,210900,2.0
366,turbine-fulcrum,https://github.com/apache/turbine-fulcrum.git,2,212200,2.0
719,tapestry3,https://github.com/apache/tapestry3.git,4,215400,2.0
205,uima-ruta,https://github.com/apache/uima-ruta.git,10,216000,2.0
23,skywalking,https://github.com/apache/skywalking.git,18300,216600,2.0
705,incubator-atlas,https://github.com/apache/incubator-atlas.git,95,217800,2.0
731,distributedlog,https://github.com/apache/distributedlog.git,172,217900,2.0
749,pivot,https://github.com/apache/pivot.git,28,226900,2.0
707,aurora,https://github.com/apache/aurora.git,625,227800,2.0
368,directory-kerby,https://github.com/apache/directory-kerby.git,92,229100,2.0
158,juneau,https://github.com/apache/juneau.git,68,229200,2.0
823,geronimo-devtools,https://github.com/apache/geronimo-devtools.git,4,231600,2.0
781,wink,https://github.com/apache/wink.git,20,232100,2.0
249,qpid-protonj2,https://github.com/apache/qpid-protonj2.git,8,232300,2.0
206,incubator-datalab,https://github.com/apache/incubator-datalab.git,96,235700,2.0
430,sling-samples,https://github.com/apache/sling-samples.git,27,249500,2.0
246,freemarker,https://github.com/apache/freemarker.git,710,250300,2.0
770,incubator-retired-slider,https://github.com/apache/incubator-retired-slider.git,79,255100,2.0
89,skywalking-java,https://github.com/apache/skywalking-java.git,146,264500,2.0
242,opennlp,https://github.com/apache/opennlp.git,1100,279400,2.0
49,karaf,https://github.com/apache/karaf.git,570,283900,2.0
69,samza,https://github.com/apache/samza.git,709,285300,2.0
757,polygene-java,https://github.com/apache/polygene-java.git,89,287100,2.0
709,servicemix4-bundles,https://github.com/apache/servicemix4-bundles.git,18,289100,2.0
761,falcon,https://github.com/apache/falcon.git,97,289200,2.0
17,zookeeper,https://github.com/apache/zookeeper.git,10000,289500,2.0
142,rocketmq-dashboard,https://github.com/apache/rocketmq-dashboard.git,159,290400,2.0
342,olingo-odata2,https://github.com/apache/olingo-odata2.git,34,293800,2.0
323,oodt,https://github.com/apache/oodt.git,55,307000,2.0
742,shindig,https://github.com/apache/shindig.git,67,307500,2.0
203,servicecomb-java-chassis,https://github.com/apache/servicecomb-java-chassis.git,1700,315700,2.0
51,avro,https://github.com/apache/avro.git,2000,319800,2.0
801,etch,https://github.com/apache/etch.git,17,322400,2.0
10,dolphinscheduler,https://github.com/apache/dolphinscheduler.git,6900,325800,2.0
0,hudi,https://github.com/apache/hudi.git,2600,327800,2.0
119,rocketmq-streams,https://github.com/apache/rocketmq-streams.git,65,330100,2.0
582,geronimo-specs,https://github.com/apache/geronimo-specs.git,18,330800,2.0
347,olingo-odata4,https://github.com/apache/olingo-odata4.git,116,337900,2.0
20,knox,https://github.com/apache/knox.git,128,339700,2.0
253,db-jdo,https://github.com/apache/db-jdo.git,7,346900,2.0
79,ignite-3,https://github.com/apache/ignite-3.git,43,347200,2.0
670,santuario-java,https://github.com/apache/santuario-java.git,24,349700,2.0
96,helix,https://github.com/apache/helix.git,352,354100,2.0
132,oozie,https://github.com/apache/oozie.git,627,354500,2.0
598,reef,https://github.com/apache/reef.git,96,354500,2.0
7,dubbo,https://github.com/apache/dubbo.git,36600,359800,2.0
95,camel-spring-boot,https://github.com/apache/camel-spring-boot.git,76,360200,2.0
55,archiva,https://github.com/apache/archiva.git,292,361200,2.0
59,ofbiz-plugins,https://github.com/apache/ofbiz-plugins.git,95,365800,2.0
308,aries,https://github.com/apache/aries.git,97,368000,2.0
90,incubator-inlong,https://github.com/apache/incubator-inlong.git,454,369400,2.0
612,accumulo-proxy,https://github.com/apache/accumulo-proxy.git,6,377800,2.0
19,camel-quarkus,https://github.com/apache/camel-quarkus.git,154,380400,2.0
836,geronimo-yoko,https://github.com/apache/geronimo-yoko.git,2,385400,2.0
8,xmlbeans,https://github.com/apache/xmlbeans.git,39,392200,2.0
751,xalan-j,https://github.com/apache/xalan-j.git,24,398900,2.0
775,incubator-retired-wave,https://github.com/apache/incubator-retired-wave.git,186,404000,2.0
219,ant-ivy,https://github.com/apache/ant-ivy.git,51,411600,2.0
91,syncope,https://github.com/apache/syncope.git,158,413800,2.0
83,incubator-heron,https://github.com/apache/incubator-heron.git,3600,413900,2.0
739,uima-addons,https://github.com/apache/uima-addons.git,10,419400,2.0
734,hadoop-mapreduce,https://github.com/apache/hadoop-mapreduce.git,97,419500,2.0
165,jspwiki,https://github.com/apache/jspwiki.git,79,429700,2.0
190,commons-math,https://github.com/apache/commons-math.git,427,433100,2.0
658,eagle,https://github.com/apache/eagle.git,411,433400,2.0
25,logging-log4j2,https://github.com/apache/logging-log4j2.git,1700,437000,2.0
643,usergrid,https://github.com/apache/usergrid.git,999,437200,2.0
188,tez,https://github.com/apache/tez.git,344,439500,2.0
674,tajo,https://github.com/apache/tajo.git,131,457000,2.0
642,axis-axis1-java,https://github.com/apache/axis-axis1-java.git,3,466700,2.0
730,uima-ducc,https://github.com/apache/uima-ducc.git,9,476800,2.0
86,jmeter,https://github.com/apache/jmeter.git,5700,477100,2.0
255,mahout,https://github.com/apache/mahout.git,2000,477300,2.0
107,zeppelin,https://github.com/apache/zeppelin.git,5500,477400,2.0
101,gobblin,https://github.com/apache/gobblin.git,2000,486000,2.0
726,apex-malhar,https://github.com/apache/apex-malhar.git,131,491900,2.0
776,incubator-retired-blur,https://github.com/apache/incubator-retired-blur.git,33,492500,2.0
639,rya,https://github.com/apache/rya.git,103,496800,2.0
30,atlas,https://github.com/apache/atlas.git,1100,500600,2.0
237,directory-ldap-api,https://github.com/apache/directory-ldap-api.git,24,509600,2.0
56,iotdb,https://github.com/apache/iotdb.git,1700,511700,2.0
146,brooklyn-server,https://github.com/apache/brooklyn-server.git,34,515700,2.0
157,wicket,https://github.com/apache/wicket.git,592,515799,2.0
811,tomcat55,https://github.com/apache/tomcat55.git,8,522700,2.0
362,xmlgraphics-batik,https://github.com/apache/xmlgraphics-batik.git,137,524300,2.0
124,plc4x,https://github.com/apache/plc4x.git,433,532100,2.0
269,directory-studio,https://github.com/apache/directory-studio.git,81,535500,2.0
721,ode,https://github.com/apache/ode.git,43,542300,2.0
2,manifoldcf,https://github.com/apache/manifoldcf.git,68,543900,2.0
35,bookkeeper,https://github.com/apache/bookkeeper.git,1400,544900,2.0
728,maven-plugins,https://github.com/apache/maven-plugins.git,241,551600,2.0
5,pdfbox,https://github.com/apache/pdfbox.git,1600,557500,2.0
108,camel-kafka-connector,https://github.com/apache/camel-kafka-connector.git,95,562400,2.0
42,phoenix,https://github.com/apache/phoenix.git,910,566200,2.0
18,ozone,https://github.com/apache/ozone.git,438,574800,2.0
584,portals-pluto,https://github.com/apache/portals-pluto.git,25,575000,2.0
796,tuscany-sca-2.x,https://github.com/apache/tuscany-sca-2.x.git,24,581700,2.0
662,metron,https://github.com/apache/metron.git,831,588100,2.0
100,incubator-linkis,https://github.com/apache/incubator-linkis.git,2300,591300,2.0
240,qpid-broker-j,https://github.com/apache/qpid-broker-j.git,45,594700,2.0
301,pig,https://github.com/apache/pig.git,640,624100,2.0
135,jackrabbit,https://github.com/apache/jackrabbit.git,281,660200,2.0
32,calcite,https://github.com/apache/calcite.git,2800,665400,2.0
793,odftoolkit,https://github.com/apache/odftoolkit.git,37,676600,2.0
62,axis-axis2-java-core,https://github.com/apache/axis-axis2-java-core.git,7,682500,2.0
136,xmlgraphics-fop,https://github.com/apache/xmlgraphics-fop.git,134,692100,2.0
3,groovy,https://github.com/apache/groovy.git,4400,693100,2.0
736,geronimo,https://github.com/apache/geronimo.git,33,708500,2.0
786,tomcat80,https://github.com/apache/tomcat80.git,116,711300,2.0
103,sis,https://github.com/apache/sis.git,79,742700,2.0
802,incubator-retired-openaz,https://github.com/apache/incubator-retired-openaz.git,16,772100,2.0
28,tapestry-5,https://github.com/apache/tapestry-5.git,91,792100,2.0
85,tomcat,https://github.com/apache/tomcat.git,5700,824600,2.0
143,openjpa,https://github.com/apache/openjpa.git,96,850500,2.0
70,accumulo,https://github.com/apache/accumulo.git,895,854600,2.0
68,incubator-sedona,https://github.com/apache/incubator-sedona.git,1000,868600,2.0
6,shardingsphere,https://github.com/apache/shardingsphere.git,15000,895700,2.0
73,ranger,https://github.com/apache/ranger.git,558,913100,2.0
578,juddi,https://github.com/apache/juddi.git,15,913800,2.0
87,uima-uimaj,https://github.com/apache/uima-uimaj.git,46,937300,2.0
162,activemq,https://github.com/apache/activemq.git,2000,947900,2.0
12,kafka,https://github.com/apache/kafka.git,20600,949900,2.0
144,jackrabbit-oak,https://github.com/apache/jackrabbit-oak.git,335,955300,2.0
106,felix-dev,https://github.com/apache/felix-dev.git,66,967300,2.0
4,incubator-doris,https://github.com/apache/incubator-doris.git,3600,1000000,2.0
297,commons-rng,https://github.com/apache/commons-rng.git,32,1000000,2.0
24,james-project,https://github.com/apache/james-project.git,554,1100000,2.0
13,pinot,https://github.com/apache/pinot.git,3700,1100000,2.0
78,cassandra,https://github.com/apache/cassandra.git,7000,1100000,2.0
71,tinkerpop,https://github.com/apache/tinkerpop.git,1400,1100000,2.0
821,incubator-ambari,https://github.com/apache/incubator-ambari.git,5,1200000,2.0
44,drill,https://github.com/apache/drill.git,1600,1200000,2.0
239,directory-server,https://github.com/apache/directory-server.git,89,1200000,2.0
14,lucene,https://github.com/apache/lucene.git,602,1300000,2.0
683,ofbiz,https://github.com/apache/ofbiz.git,731,1300000,2.0
130,tomee,https://github.com/apache/tomee.git,377,1300000,2.0
109,kylin,https://github.com/apache/kylin.git,3200,1300000,2.0
54,ofbiz-framework,https://github.com/apache/ofbiz-framework.git,403,1300000,2.0
102,incubator-hop,https://github.com/apache/incubator-hop.git,173,1300000,2.0
58,activemq-artemis,https://github.com/apache/activemq-artemis.git,762,1300000,2.0
40,cxf,https://github.com/apache/cxf.git,742,1400000,2.0
48,hbase,https://github.com/apache/hbase.git,4300,1400000,2.0
45,druid,https://github.com/apache/druid.git,11400,1400000,2.0
43,solr,https://github.com/apache/solr.git,269,1600000,2.0
39,nifi,https://github.com/apache/nifi.git,2900,1700000,2.0
769,stratos,https://github.com/apache/stratos.git,153,1700000,2.0
641,derby,https://github.com/apache/derby.git,265,1800000,2.0
715,asterixdb-hyracks,https://github.com/apache/asterixdb-hyracks.git,16,1900000,2.0
818,harmony-classlib,https://github.com/apache/harmony-classlib.git,5,1900000,2.0
